RewriteEngine On
RewriteBase /

# Rewrite rules for the sidebar menu

# Rewrite /dashboard to the actual file path
RewriteRule ^dashboard$ pages/dashboard/dashboard.php?page=dashboard [L,QSA]

# Rewrite /officials to the actual file path
RewriteRule ^officials$ pages/officials/officials.php?page=officials [L,QSA]

# Rewrite /household to the actual file path
RewriteRule ^household$ pages/household/household.php?page=household [L,QSA]

# Rewrite /resident to the actual file path
RewriteRule ^resident$ pages/resident/resident.php?page=resident [L,QSA]

# Rewrite /brgyclearance to the actual file path
RewriteRule ^brgyclearance$ pages/brgyclearance/brgyclearance.php?page=brgyclearance [L,QSA]

# Rewrite /certofresidency to the actual file path
RewriteRule ^certofresidency$ pages/certofresidency/certofres.php?page=certofresidency [L,QSA]

# Rewrite /certofindigency to the actual file path
RewriteRule ^certofindigency$ pages/certofindigency/certofindigency.php?page=certofindigency [L,QSA]
